samples,training_time_sec,peak_memory_mb,mse,r2,prediction_time_sec,prediction_peak_memory_mb
1000,4.528910875320435,4.188916206359863,0.015013857782638796,0.9894701467763799,0.10536074638366699,0.1488027572631836
5000,6.904905080795288,3.176076889038086,0.011304015025001462,0.9918404958592039,0.19472789764404297,0.30149173736572266
10000,6.130475997924805,3.2082414627075195,0.010735558173790525,0.9924036978833027,0.3182699680328369,0.49249744415283203
