samples,training_time_sec,training_time_std,peak_memory_mb,mse,r2,prediction_time_sec,prediction_peak_memory_mb
1000,4.1690679550170895,0.14217745464638393,3.2640506744384767,0.01598099138868593,0.9887918550896767,0.0901756763458252,0.14862194061279296
5000,6.503518056869507,0.47885787750046915,3.191355323791504,0.010998972008606413,0.9920606830891299,0.15205979347229004,0.3006284713745117
10000,7.025435256958008,0.7357313155169861,3.3165002822875977,0.010730726517856028,0.9924071166825499,0.32457947731018066,0.4917905807495117
