{"mean": [0.5156395676027381, 0.5052999905811496, 0.553599052164656, 0.5003398495749949, 0.4849921033388478], "std": [0.3052961738545968, 0.28583015555134983, 0.2709697271913227, 0.3033424159561384, 0.28945610643780606]}