{"mean": [0.4483582377433777, 0.4672841727733612, 0.4824853539466858, 0.5036819577217102, 0.5981340408325195], "std": [0.2878490090370178, 0.28096717596054077, 0.28702616691589355, 0.27483561635017395, 0.26631903648376465]}