{"mean": [0.4336337882343908, 0.5494057334592785, 0.5021871082866466, 0.5069267271204977, 0.4806748326323533], "std": [0.28386789504777177, 0.25708268691999, 0.30727174026814735, 0.2971981258437815, 0.2926472838080515]}