{"mean": [0.4970221519470215, 0.4971107244491577, 0.49737659096717834, 0.49697747826576233, 0.49298587441444397], "std": [0.28734713792800903, 0.28666606545448303, 0.2884937822818756, 0.28866297006607056, 0.2844230830669403]}