{"mean": [0.4499454006378114, 0.4429415157526596, 0.5045107941620367, 0.5271752743792989, 0.5259213462817519], "std": [0.29206229061986655, 0.2615988745540039, 0.32264892815482743, 0.27950676982789535, 0.3010336214762733]}