samples,training_time_sec,training_time_std,peak_memory_mb,mse,r2,prediction_time_sec,prediction_peak_memory_mb
1000,4.14418773651123,0.15148930411426412,3.331743621826172,0.016116680956521412,0.9886966902590271,0.11636443138122558,0.15060844421386718
5000,5.8386908054351805,0.597509177641068,3.1859960556030273,0.011133655224525288,0.9919634655734457,0.22538890838623046,0.30057640075683595
10000,7.238333940505981,0.8254897798423975,3.3177833557128906,0.010653769363334318,0.9924615702830357,0.3359359264373779,0.49898414611816405
